diff,vals
309.23761734280396,0.025
657.9346927097083,0.5
1369.8313279557997,0.975
